Run,PlateID,Row,Col,ChemCluster,Row No. in All,Row No. in hits
Run 2,1073926525,H,16,Cluster_000165,5,443
Run 2,1073926532,A,21,Cluster_000090,6,36
Run 2,1073914768,J,19,Cluster_000018,20,169
Run 2,1073914713,B,3,Cluster_000074,28,798
Run 2,1073921872,G,14,Cluster_000299,70,194
Run 2,1073921872,M,18,Cluster_000003,74,127
Run 2,1073916830,D,7,Cluster_000224,82,19
Run 2,1073914867,G,16,Cluster_000050,122,837
Run 2,1073914843,B,15,Cluster_000284,127,1063
Run 2,1073938917,B,2,Cluster_000271,144,73
Run 2,1073938955,I,20,Cluster_000044,159,80
Run 2,1073938962,I,22,Cluster_000118,178,151
Run 2,1073939013,C,13,Cluster_000018,196,450
Run 2,1073940231,E,5,Cluster_000228_?,210,1201
Run 3,1073915536,F,9,Cluster_000009,255,132
Run 3,1073915536,I,4,Cluster_000136,256,1068
Run 3,1073915680,C,16,Cluster_000082,258,917
Run 3,1073915758,O,23,Cluster_000009,266,119
Run 3,1073915161,P,24,Cluster_000078,284,214
Run 3,1073915178,H,8,Cluster_000078,291,212
Run 3,1073915192,F,7,Cluster_000043_!,294,1168
Run 3,1073915581,I,24,Cluster_000002,306,402
Run 3,1073940101,F,21,Cluster_000012,334,970
Run 3,1073940095,L,17,Cluster_000122,345,1032
Run 3,1073915246,H,17,Cluster_000214_!,367,1137
Run 3,1073915543,D,10,Cluster_000045,370,832
Run 3,1073915918,L,17,Cluster_000225_!,386,1138
Run 3,1073915918,M,7,Cluster_000281,387,157
Run 3,1073916168,E,13,Cluster_000369,395,249
Run 3,1073916199,A,8,Cluster_000316,399,445
Run 3,1073916106,J,7,Cluster_000393,417,44
Run 3,1073916144,F,19,Cluster_000039,425,604
Run 3,1073940194,L,7,Cluster_000010,444,567
Run 3,1073940187,C,6,Cluster_000264_!,448,1142
Run 3,1073940187,J,4,Cluster_000123,449,458
Run 3,1073940170,J,6,Cluster_000014,456,810
Run 3,1073940156,A,20,Cluster_000002,461,369
Run 3,1073940156,N,15,Cluster_000074,464,849
Run 3,1073938740,H,15,Cluster_000275,491,47
Run 3,1073938733,I,18,Cluster_000045,494,854
Run 3,1073938733,M,23,Cluster_000230,495,1183
Run 3,1073938689,O,19,Cluster_000056,516,613
Run 3,1073938665,G,7,Cluster_000031,518,78
Run 3,1073915833,P,19,Cluster_000029,548,624
Run 4,1073939174,A,1,Cluster_000131,595,13
Run 4,1073939167,J,6,Cluster_000009,604,12
Run 4,1073939167,N,5,Cluster_000018,605,1045
Run 4,1073939167,P,16,Cluster_000012,607,976
Run 4,1073940019,B,14,Cluster_000366_!,618,1195
Run 4,1073939976,K,6,Cluster_000376,633,522
Run 4,1073915796,D,5,Cluster_000098,645,611
Run 4,1073939082,K,7,Cluster_000013,682,887
Run 4,1073916472,B,18,Cluster_000062,741,591
Run 4,1073916403,H,5,Cluster_000080,749,329
Run 5,1073914171,E,8,Cluster_000006,784,461
Run 5,1073918612,M,15,Cluster_000033,788,691
Run 5,1073917998,J,14,Cluster_000273,799,986
Run 5,1073916328,I,3,Cluster_000043_!,818,1166
Run 5,1073916342,G,8,Cluster_000082,824,616
Run 5,1073914546,G,6,Cluster_000073,831,941
Run 5,1073914546,L,24,Cluster_000247_!,833,1139
Run 5,1073917950,D,8,Cluster_000165,851,442
Run 5,1073917950,M,15,Cluster_000129,853,628
Run 5,1073918049,F,19,Cluster_000001,884,775
Run 5,1073914386,B,13,Cluster_000050,887,839
Run 5,1073914355,C,5,Cluster_000055,902,503
Run 5,1073925221,D,8,Cluster_000044,926,121
Run 5,1073925238,B,3,Cluster_000306,929,497
Run 5,1073925252,P,23,Cluster_000039,939,605
Run 5,1073925108,M,15,Cluster_000360,946,823
Run 5,1073925115,H,13,Cluster_000295,950,646
Run 5,1073925207,L,24,Cluster_000314,957,311
Run 5,1073925122,M,23,Cluster_000304_?,962,1204
Run 5,1073923999,D,19,Cluster_000290,987,198
Run 5,1073924026,G,13,Cluster_000043_!,997,1165
Run 5,1073924033,E,18,Cluster_000317,1001,164
Run 5,1073924033,J,19,Cluster_000044,1002,836
Run 5,1073923852,N,21,Cluster_000114_?,1009,1188
Run 5,1073924040,K,16,Cluster_000199,1011,441
Run 5,1073914225,B,6,Cluster_000239,1034,714
Run 5,1073914218,C,15,Cluster_000206_?,1039,1194
Run 5,1073914218,F,14,Cluster_000123,1041,457
Run 7,1073921650,P,22,Cluster_000249_!,1063,1140
Run 7,1073921667,N,22,Cluster_000201,1126,1085
Run 7,1073921339,P,13,Cluster_000081,1131,1230
Run 7,1073921285,F,20,Cluster_000282,1144,944
Run 7,1073919046,C,4,Cluster_000066,1156,859
Run 7,1073929793,P,24,Cluster_000020,1194,934
Run 7,1073919145,C,3,Cluster_000010,1219,891
Run 7,1073929748,E,10,Cluster_000182,1254,1039
Run 7,1073928833,P,14,Cluster_000089,1262,425
Run 8,1073913211,F,4,Cluster_000208,1303,656
Run 8,1073913228,C,16,Cluster_000081,1307,1231
Run 8,1073928949,K,21,Cluster_000110,1378,1000
Run 9,1073350283,H,2,Cluster_000036_!,1451,1158
Run 9,1073928918,B,13,Cluster_000198,1460,415
Run 9,1073927508,B,14,Cluster_000130_!,1479,1175
Run 9,1073929120,G,22,Cluster_000211,1488,737
Run 9,1073929007,H,6,Cluster_000303,1509,985
Run 9,1073995460,M,17,Cluster_000227,1546,426
Run 9,1073997624,H,18,Cluster_000210,1585,1047
Run 9,1073995545,K,19,Cluster_000368,1594,929
Run 9,1073995262,I,21,Cluster_000204_?,1639,1200
Run 9,1073995224,L,16,Cluster_000181,1645,429
Run 9,1073995231,J,14,Cluster_000223,1647,408
Run 10,1073913426,P,3,Cluster_000196,1663,528
Run 10,1073913600,A,22,Cluster_000010,1680,893
Run 10,1073995019,I,21,Cluster_000049_?,1688,1220
Run 10,1073923395,A,5,Cluster_000036_!,1726,1156
Run 10,1073920653,D,15,Cluster_000024,1777,1046
Run 10,1073923265,C,15,Cluster_000266,1825,662
Run 10,1073923265,F,5,Cluster_000222,1826,877
Run 10,1073913808,F,19,Cluster_000029,1848,625
Run 11,1073913297,C,23,Cluster_000351,1873,916
Run 11,1073928529,N,16,Cluster_000322,1978,541
Run 11,1073928512,J,15,Cluster_000036_!,1979,1157
Run 11,1073929250,C,22,Cluster_000085,2005,1061
Run 11,1073929359,J,5,Cluster_000049_?,2022,1221
Run 11,1073913877,P,15,Cluster_000134,2028,643
Run 12a,1073325779,F,2,Cluster_000011,2092,1005
Run 12a,1073326165,L,20,Cluster_000029,2112,1088
Run 12a,1073326110,D,7,Cluster_000029,2117,1090
Run 12a,1073326110,G,19,Cluster_000018,2119,647
Run 12a,1073326110,J,15,Cluster_000396,2121,979
Run 12a,1073326103,M,13,Cluster_000082,2131,1095
Run 12a,1073326080,H,14,Cluster_000065,2148,649
Run 12a,1073326080,O,7,Cluster_000065,2155,650
Run 12a,1073326141,B,18,Cluster_000378,2157,665
Run 12a,1073924866,B,22,Cluster_000166,2169,1097
Run 12a,1073924866,D,6,Cluster_000390,2171,755
Run 12a,1073924866,D,20,Cluster_000172,2172,1096
Run 12a,1073924859,E,23,Cluster_000345,2183,614
Run 12a,1073924859,G,2,Cluster_000176_?,2185,1199
Run 12a,1073924859,O,4,Cluster_000400,2187,642
Run 12a,1073325113,C,6,Cluster_000164,2192,454
Run 12a,1073325113,C,22,Cluster_000362,2193,701
Run 12a,1073325113,G,3,Cluster_000001,2196,496
Run 12a,1073325106,N,19,Cluster_000020,2203,931
Run 12a,1073325090,P,9,Cluster_000003,2206,981
Run 12a,1073325083,B,20,Cluster_000011,2209,1002
Run 12a,1073325069,D,10,Cluster_000051,2217,190
Run 12a,1073325069,H,24,Cluster_000001,2218,585
Run 12a,1073326271,C,9,Cluster_000172,2223,651
Run 12a,1073325656,D,23,Cluster_000189,2226,499
Run 12a,1073325656,E,10,Cluster_000004,2227,867
Run 12a,1073325656,P,16,Cluster_000001,2232,795
Run 12a,1073325649,E,17,Cluster_000045,2235,802
Run 12a,1073326288,I,16,Cluster_000301,2254,634
Run 12a,1073325755,O,20,Cluster_000263,2272,1029
Run 12a,1073325816,P,22,Cluster_000095,2285,923
Run 12a,1073325793,F,2,Cluster_000173,2286,1004
Run 12a,1073325748,M,3,Cluster_000145,2300,161
Run 12a,1073325724,B,24,Cluster_000166,2305,648
Run 12a,1073325724,H,7,Cluster_000001,2307,444
Run 12a,1073325724,L,15,Cluster_000173,2308,958
Run 12a,1073325724,M,23,Cluster_000059,2309,386
Run 12a,1073325731,E,8,Cluster_000326,2312,1078
Run 12a,1073362286,O,19,Cluster_000068,2319,76
Run 13,1073325663,A,19,Cluster_000031,2389,55
Run 13,1073362606,N,24,Cluster_000357_!,2419,1207
Run 13,1073362583,M,16,Cluster_000365,2451,677
Run 13,1073362538,I,10,Cluster_000038,2455,108
Run 13,1073362552,D,7,Cluster_000060,2458,1226
Run 13,1073362408,C,3,Cluster_000138_!,2468,1177
Run 13,1073362132,L,22,Cluster_000089,2498,413
Run 13,1073362125,P,21,Cluster_000315,2501,812
Run 13,1073362118,M,8,Cluster_000132,2503,869
Run 13,1073362101,O,7,Cluster_000117,2508,961
Run 13,1073337031,M,7,Cluster_000126,2539,500
Run 13,1073337024,C,10,Cluster_000163,2540,679
Run 14,1073362620,A,17,Cluster_000010,2592,473
Run 14,1073361876,G,21,Cluster_000096,2613,880
Run 14,1073361876,O,21,Cluster_000152,2614,697
Run 14,1073361852,C,16,Cluster_000055,2615,607
Run 14,1073315589,N,1,Cluster_000308,2621,935
Run 14,1073315589,P,17,Cluster_000162,2623,860
Run 14,1073315640,A,1,Cluster_000124,2642,491
Run 14,1073336799,G,5,Cluster_000002,2686,384
Run 14,1073335822,N,7,Cluster_000012,2693,959
Run 14,1073335204,O,17,Cluster_000339,2715,857
Run 14,1073335211,K,14,Cluster_000099,2739,852
Run 14,1073337048,H,6,Cluster_000252,2757,163
Run 14,1073315015,K,9,Cluster_000023,2760,1027
Run 14,1073315046,M,2,Cluster_000036_!,2773,1159
Run 14,1073315060,C,16,Cluster_000188,2777,420
Run 14,1073336867,J,13,Cluster_000002,2794,383
Run 14,1073336874,L,20,Cluster_000108,2824,881
Run 14,1073315725,C,22,Cluster_000012,2827,960
Run 14,1073315763,E,24,Cluster_000078,2837,29
Run 15,1073315091,K,6,Cluster_000033,2850,437
Run 15,1073315138,O,1,Cluster_000003,2864,43
Run 15,1073315503,J,22,Cluster_000034,2868,478
Run 15,1073315527,I,18,Cluster_000085,2870,1060
Run 15,1073314889,P,15,Cluster_000113,2891,928
Run 15,1073335365,E,10,Cluster_000103,2916,824
Run 15,1073335372,L,3,Cluster_000300,2922,412
Run 15,1073335464,G,23,Cluster_000045,2927,801
Run 15,1073335419,L,14,Cluster_000050,2932,825
Run 15,1073335419,M,24,Cluster_000025,2933,62
Run 15,1073335501,F,17,Cluster_000112,2937,559
Run 15,1073335556,P,9,Cluster_000163,2958,678
Run 15,1073335532,K,14,Cluster_000161,2966,991
Run 15,1073452420,N,24,Cluster_000309,2987,130
Run 15,1073452079,N,21,Cluster_000122,3000,215
Run 15,1073452376,L,17,Cluster_000164,3010,561
Run 15,1073336058,L,24,Cluster_000268,3034,673
Run 15,1073356001,E,13,Cluster_000036_!,3119,1155
Run 15,1073356322,B,21,Cluster_000023,3125,1012
Run 16,1073355714,F,8,Cluster_000320,3150,888
Run 16,1073336294,J,15,Cluster_000132,3154,868
Run 16,1073355950,K,15,Cluster_000145,3164,387
Run 16,1073356032,C,23,Cluster_000256,3172,540
Run 16,1073356384,A,3,Cluster_000251,3177,534
Run 16,1073315848,A,24,Cluster_000094,3194,1050
Run 16,1073315282,I,10,Cluster_000046,3208,599
Run 16,1073315350,G,22,Cluster_000366_!,3238,1185
Run 16,1073325250,P,23,Cluster_000341,3251,318
Run 16,1073324994,E,21,Cluster_000012,3269,962
Run 16,1073324994,F,9,Cluster_000212,3270,409
Run 16,1073325038,D,17,Cluster_000024,3273,1035
Run 16,1073325038,M,22,Cluster_000065,3276,572
Run 16,1073325014,F,6,Cluster_000382,3279,560
Run 16,1073355363,N,7,Cluster_000103,3294,838
Run 16,1073336409,D,24,Cluster_000002,3302,433
Run 16,1073336461,D,22,Cluster_000094,3318,1051
Run 16,1073341687,A,23,Cluster_000079,3320,845
Run 16,1073336485,E,21,Cluster_000099,3355,819
Run 16,1073356452,C,2,Cluster_000021,3370,980
Run 16,1073356094,E,10,Cluster_000389,3381,571
Run 16,1073356100,P,3,Cluster_000283,3388,1020
Run 16,1073356087,E,2,Cluster_000094,3390,1049
Run 16,1073336249,E,16,Cluster_000312,3397,912
Run 16,1073326530,P,23,Cluster_000187,3402,659
Run 16,1073336317,I,4,Cluster_000394,3407,399
Run 16,1073336386,B,9,Cluster_000006,3432,49
Run 17,1073326547,O,3,Cluster_000121,3486,201
Run 17,1073335846,N,10,Cluster_000157,3496,1021
Run 17,1073333255,G,9,Cluster_000018,3513,452
Run 17,1073361586,L,22,Cluster_000313,3525,864
Run 17,1073335983,A,6,Cluster_000002,3602,398
Run 17,1073335983,L,6,Cluster_000108,3607,882
Run 17,1073449727,D,23,Ok1,3612,126
Run 17,1073335969,O,13,Cluster_000217,3626,874
Run 17,1073335952,H,14,Cluster_000279,3628,152
Run 17,1073356247,M,4,Cluster_000098,3645,610
Run 17,1073335914,J,17,Cluster_000001,3656,758
Run 17,1073324956,N,6,Cluster_000178,3680,229
Run 17,1073355646,C,1,Cluster_000025,3684,129
Run 17,1073326448,M,21,Cluster_000085,3693,1062
Run 17,1073326394,F,4,Cluster_000036_!,3699,1154
Run 17,1073355653,L,3,Cluster_000108,3709,883
Run 21,1063097631,A,2,Cluster_000020,3720,930
Run 21,1063097631,F,6,Cluster_000107,3722,566
Run 21,1073353987,O,13,Cluster_000116_!,3754,1196
Run 21,1063098881,P,16,Cluster_000030,3765,137
Run 21,1063098676,L,8,Cluster_000040,3798,448
Run 21,1063098713,O,20,Cluster_000195,3809,184
Run 21,1063098393,J,10,Cluster_000121,3828,200
Run 21,1063098416,C,19,Cluster_000240,3835,424
Run 21,1063098737,A,9,Cluster_000060,3876,1228
Run 21,1063097853,L,22,Cluster_000338,3918,702
Run 21,1073449277,C,22,Cluster_000012,3959,955
Run 21,1073449277,K,14,Cluster_000386,3962,1070
Run 22,1073354731,F,18,Cluster_000106,4030,908
Run 22,1073449543,D,24,Cluster_000059,4063,301
Run 22,1073449604,O,7,Cluster_000040,4078,449
Run 22,1073354830,C,21,Cluster_000020,4107,933
Run 22,1073354816,D,23,Cluster_000003,4112,5
Run 22,1073449482,C,18,Cluster_000012,4137,977
Run 22,1073449376,O,7,Cluster_000260,4171,342
Run 22,1073449338,P,10,Cluster_000152,4182,694
Run 22,1073449321,C,8,Cluster_000023,4190,1028
Run 22,1073353864,O,14,Cluster_000039,4230,589
Run 22,1073353857,G,15,Cluster_000147,4233,220
Run 23,1073353536,L,24,Cluster_000158_?,4284,1217
Run 23,1073356858,E,16,Cluster_000059,4291,340
Run 23,1073356889,M,17,Cluster_000017,4306,411
Run 23,1063098973,B,16,Cluster_000007,4349,38
Run 23,1063098973,J,16,Cluster_000032_!,4351,1151
Run 23,1063098799,G,14,Cluster_000255,4384,394
Run 23,1063098812,M,24,Cluster_000013,4402,202
Run 23,1063095378,E,13,Cluster_000023,4422,1011
Run 23,1063095446,K,10,Cluster_000045,4436,780
Run 23,1063095361,M,10,Cluster_000169,4481,921
Run 23,1063093213,C,3,Cluster_000153,4486,1057
Run 23,1063093213,E,3,Cluster_000153,4487,1058
Run 23,1063093220,I,2,Cluster_000399,4492,872
Run 23,1063093220,I,6,Cluster_000039,4493,579
Run 23,1063092926,J,4,Cluster_000063,4519,537
Run 23,1063092964,J,9,Cluster_000023,4532,1014
Run 23,1063092810,G,14,Cluster_000258,4547,427
Run 23,1063092841,K,3,Cluster_000072,4555,846
Run 23,1063095477,C,16,Cluster_000020,4557,920
Run 23,1063094791,H,22,Cluster_000219,4597,581
Run 24A,1063094241,H,3,Cluster_000120_?,4603,1191
Run 25,1063097181,O,5,Cluster_000105,4613,983
Run 25,1063096634,F,2,Cluster_000063,4625,538
Run 25,1063095750,D,14,Cluster_000111,4632,37
Run 25,1063095842,K,18,Cluster_000012,4670,975
Run 25,1063096610,D,10,Cluster_000026,4673,805
Run 25,1063096528,J,20,Cluster_000019,4679,554
Run 25,1063096528,M,9,Cluster_000001,4680,446
Run 25,1063096511,G,7,Cluster_000020,4683,971
Run 25,1063096504,B,17,Cluster_000024,4685,1042
Run 25,1063096559,C,5,Cluster_000126,4693,487
Run 25,1063096351,O,19,Cluster_000020,4708,919
Run 25,1063096115,P,19,Cluster_000001,4719,767
Run 25,1063094814,A,24,Cluster_000042_?,4762,1215
Run 25,1063094883,C,5,Cluster_000269,4794,1187
Run 25,1063094883,I,4,Cluster_000171,4795,995
Run 25,1063094371,K,9,Cluster_000332,4816,485
Run 25,1063094449,K,2,Cluster_000190,4830,1030
Run 25,1063094432,J,1,Kolla1,4833,1124
Run 25,1063094456,K,2,Cluster_000261,4838,438
Run 25,1063093664,F,4,Cluster_000167,4858,79
Run 25,1063093596,J,1,Cluster_000012,4879,897
Run 25,1063093602,H,20,Cluster_000034,4895,1079
Run 26,1063093015,A,8,Cluster_000023,4915,1015
Run 26,1063093077,H,3,Cluster_000128,4922,1031
Run 26,1063093077,L,5,Cluster_000026,4924,807
Run 26,1063096429,I,10,Cluster_000311,4932,1145
Run 26,1063096238,G,24,Cluster_000060,4962,1225
Run 26,1063093091,G,9,Cluster_000012,4970,969
Run 26,1063093091,G,23,Cluster_000026,4971,806
Run 26,1063093138,O,3,Cluster_000081,4983,1229
Run 26,1063096290,F,13,Cluster_000007,5021,529
Run 26,1063096306,M,23,Cluster_000012,5026,896
Run 26,1063095712,D,7,Cluster_000347,5037,676
Run 26,1063095958,N,20,Cluster_000171,5088,1001
Run 26,1063096009,H,17,Cluster_000032_!,5098,1148
Run 26,1063095866,G,6,Cluster_000169,5115,855
Run 26,1063095880,N,8,Cluster_000032_!,5118,1152
Run 26,1063096078,H,21,Cluster_000127,5133,840
Run 26,1063093398,H,18,Cluster_000358,5137,615
Run 26,1063093381,J,16,Cluster_000124,5139,488
Run 26,1063094777,I,17,Cluster_000385_!,5177,1164
Run 27 ,1063091851,C,1,Cluster_000120_?,5184,1190
Run 27,1063088707,C,22,Cluster_000073,5219,653
Run 27,1063088714,J,2,Cluster_000200,5224,148
Run 27,1063088691,L,20,Cluster_000005,5226,251
Run 27,1063088691,O,22,Cluster_000180,5227,423
Run 27,1063090465,C,18,Cluster_000034,5245,1080
Run 27,1063090472,B,8,Cluster_000024,5249,1037
Run 27,1063090472,P,8,Cluster_000061,5251,377
Run 27,1063090427,B,8,Cluster_000350,5263,699
Run 27,1063090427,B,16,Cluster_000028,5264,120
Run 27,1063090427,H,7,Cluster_000147,5266,206
Run 27,1063091288,H,2,Cluster_000265,5274,754
Run 27,1063091295,A,18,Cluster_000097,5275,196
Run 27,1063091264,E,16,Cluster_000057_!,5287,1129
Run 27,1063091271,F,14,Cluster_000161,5293,469
Run 27,1063091271,O,21,Cluster_000018,5294,1033
Run 27,1063090373,M,21,Cluster_000012,5302,957
Run 27,1063090342,B,15,Cluster_000001,5317,474
Run 27,1063090304,C,10,Cluster_000023,5324,1017
Run 27,1063090298,L,23,Cluster_000058,5329,237
Run 27,1063090243,D,6,Cluster_000021,5332,1075
Run 27,1063090250,C,7,Cluster_000346,5336,797
Run 27,1063090113,K,21,Cluster_000105,5391,988
Run 27,1063090076,B,4,Cluster_000218,5399,1076
Run 27,1063090069,H,16,Cluster_000013,5406,901
Run 27,1063090052,M,7,Cluster_000162,5408,844
Run 27,1063091233,F,18,Cluster_000112,5421,924
Run 27,1063091233,O,22,Cluster_000277_!,5430,1163
Run 27,1063090410,E,4,Cluster_000185,5432,421
Run 27,1063091462,G,18,Cluster_000057_!,5440,1128
Run 27,1063091448,D,17,Cluster_000024,5446,1040
Run 27,1063091516,G,5,Cluster_000011,5452,481
Run 27,1063091516,G,9,Cluster_000088,5453,641
Run 28,1063093558,A,9,Cluster_000020,5481,968
Run 28,1063093558,K,14,Cluster_000023,5484,1016
Run 28,1063091554,G,22,Cluster_000270_!,5498,1143
Run 28,1063091554,K,9,Cluster_000289,5500,705
Run 28,1063091486,A,1,Cluster_000001,5501,788
Run 28,1063089568,N,24,Cluster_000026,5533,804
Run 28,1063089513,L,9,Cluster_000150,5542,1059
Run 28,1063090700,D,1,Cluster_000058,5561,288
Run 28,1063091363,E,6,Cluster_000184,5575,85
Run 28,1063091349,L,9,Cluster_000026,5579,803
Run 28,1063091332,I,4,Cluster_000011,5587,480
Run 28,1063089391,A,14,Cluster_000057_!,5603,1131
Run 28,1063089391,F,3,Cluster_000048,5605,593
Run 28,1063089353,O,22,Cluster_000058,5616,238
Run 28,1063089995,L,15,Cluster_000397,5622,395
Run 28,1063090892,O,17,Cluster_000287,5637,606
Run 28,1063090878,J,17,Cluster_000071_?,5639,1173
Run 28,1063090922,F,15,Cluster_000071_?,5648,1171
Run 28,1063090922,G,14,Cluster_000024,5649,1044
Run 28,1063090908,M,4,Cluster_000011,5658,468
Run 28,1063090953,D,23,Cluster_000083,5659,266
Run 28,1063089971,D,23,Cluster_000039,5672,588
Run 28,1063091028,C,21,Cluster_000262,5690,417
Run 28,1063089124,O,23,Cluster_000075,5703,752
Run 29,1063092346,C,10,Cluster_000012,5707,974
Run 29,1063092377,G,24,Cluster_000288,5715,439
Run 29,1063089940,E,3,Cluster_000002,5724,308
Run 29,1063089940,N,16,Cluster_000058,5727,236
Run 29,1063091134,I,17,Cluster_000053,5773,586
Run 29,1063091134,M,20,Cluster_000064,5774,967
Run 29,1063089810,P,7,Cluster_000023,5782,1013
Run 29,1063089827,K,2,Cluster_000060,5793,1224
Run 29,1063089872,J,16,Cluster_000257,5809,338
Run 29,1063089872,M,14,Cluster_000001,5810,712
Run 29,1063089322,E,20,Cluster_000011,5822,486
Run 29,1063089308,E,8,Cluster_000149_!,5826,1179
Run 29,1063089285,P,3,Cluster_000049_?,5839,1223
Run 29,1063089223,J,19,Cluster_000071_?,5850,1172
Run 29,1063089162,I,20,Cluster_000098,5866,851
Run 29,1063089643,E,2,Cluster_000067,5907,539
Run 29,1063089636,F,7,Cluster_000011,5912,459
Run 29,1063089674,D,14,Cluster_000024,5919,1038
Run 29,1063089766,B,4,Cluster_000139,5945,828
Run 29,1063089780,J,10,Cluster_000071_?,5971,1174
Run 29,1063088721,C,8,Cluster_000197,5979,123
Run 29,1063089933,D,7,Cluster_000010,5984,889
Run 29,1063089902,A,21,Cluster_000034,5992,1081
Run 29,1063089902,D,18,Cluster_000305,5995,686
Run 29,1063088424,P,8,Cluster_000053,6022,1077
Run 29,1074133885,N,1,Cluster_000013,6067,885
Run 30,1074133113,N,17,Cluster_000011,6078,1003
Run 30,1074133182,G,21,Cluster_000243,6083,942
Run 30,1074133601,J,19,Cluster_000073,6089,652
Run 30,1074133663,B,21,Cluster_000011,6091,489
Run 30,1074133045,B,14,Cluster_000001,6111,740
Run 30,1074133045,H,17,Cluster_000380,6113,436
Run 30,1074127822,F,6,Cluster_000113,6128,939
Run 30,1074127396,B,3,Cluster_000011,6135,490
Run 30,1074127426,H,19,Cluster_000028,6140,53
Run 30,1074127419,I,15,Cluster_000021,6142,984
Run 30,1074135094,I,8,Cluster_000021,6169,952
Run 30,1063088578,I,2,Cluster_000011,6172,993
Run 30,1063094081,I,21,Cluster_000011,6180,1006
Run 30,1074127136,P,23,Cluster_000021,6191,943
Run 30,1074133588,H,4,Cluster_000067,6223,504
Run 30,1074133700,J,16,Cluster_000014,6238,545
Run 30,1074135179,B,15,Cluster_000186,6252,233
Run 31,1074127952,C,2,Cluster_000019,6274,551
Run 31,1074127945,E,1,Cluster_000066,6276,899
Run 31,1074127921,K,23,Cluster_000001,6290,760
Run 31,1074133427,A,8,Cluster_000125,6292,966
Run 31,1074133427,P,13,Cluster_000205,6293,276
Run 31,1074127273,D,3,Cluster_000058,6311,375
Run 31,1074127266,N,2,Cluster_000067,6319,505
Run 31,1074125682,A,13,Cluster_000021,6320,578
Run 31,1074125651,N,23,Cluster_000033,6324,281
Run 31,1074125668,D,22,Cluster_000011,6326,467
Run 31,1074127495,G,15,Cluster_000073,6336,654
Run 31,1074127976,E,17,Cluster_000001,6339,494
Run 31,1074127488,E,24,Cluster_000010,6342,894
Run 31,1074127501,H,4,Cluster_000103,6346,400
Run 31,1074127570,C,14,Cluster_000010,6357,895
Run 31,1074127570,M,21,Cluster_000146,6359,156
Run 31,1074127570,P,4,Cluster_000155,6363,498
Run 31,1074135513,D,6,Cluster_000021,6365,563
Run 31,1074135537,L,5,Cluster_000028,6369,11
Run 31,1074135544,L,5,Cluster_000001,6371,493
Run 31,1074135872,F,3,Cluster_000115_!,6382,1181
Run 31,1074127716,J,9,Cluster_000007,6388,407
Run 31,1074127754,L,13,Cluster_000011,6394,483
Run 31,1074135742,I,6,Cluster_000272,6406,569
Run 31,1074135742,O,21,Cluster_000129,6408,627
Run 31,1074135711,C,15,Cluster_000076_!,6423,1135
Run 31,1074135711,P,15,Cluster_000371,6426,936
Run 31,1074135384,D,7,Cluster_000060,6441,1227
Run 31,1074135384,O,23,Cluster_000356,6443,197
Run 31,1074135490,O,9,Cluster_000021,6457,577
Run 31,1074135506,P,15,Cluster_000128,6459,947
Run 31,1074125620,B,1,Cluster_000024,6465,1043
Run 31,1074127075,K,20,Cluster_000010,6474,890
Run 31,1074127082,E,4,Cluster_000335,6482,258
Run 31,1074127372,E,4,Cluster_000001,6491,492
Run 32,1074135452,O,24,Cluster_000149_!,6520,1180
Run 32,1074134998,P,5,Cluster_000011,6554,482
Run 32,1074135193,B,24,Cluster_000024,6570,1036
Run 32,1074135285,F,21,Cluster_000011,6585,466
Run 32,1074130563,H,18,Cluster_000001,6601,951
Run 32,1074128638,C,5,Cluster_000267,6607,543
Run 32,1074128676,E,3,Cluster_000028,6626,435
Run 32,1074128690,J,5,Cluster_000083,6630,296
Run 32,1074128508,E,18,Cluster_000364,6645,1074
Run 32,1074127044,P,17,Cluster_000010,6654,892
Run 32,1074128553,J,4,Cluster_000343,6658,391
Run 32,1074128560,C,14,Cluster_000049_?,6661,1222
Run 33,1074128911,K,18,Cluster_000175,6674,636
Run 33,1074129000,O,5,Cluster_000106,6687,876
Run 33,1074128720,E,17,Cluster_000091,6694,1054
Run 33,1074128744,H,1,Cluster_000010,6695,884
Run 33,1074128737,M,13,Cluster_000001,6697,495
Run 33,1074128775,O,5,Cluster_000392,6701,703
Run 33,1074128614,K,22,Cluster_000001,6702,771
Run 33,1074128829,P,15,Cluster_000026,6714,948
Run 33,1074128904,E,22,Cluster_000259_!,6722,1141
Run 33,1074128898,G,22,Cluster_000307,6726,479
Run 33,1074128881,A,5,Cluster_000179_!,6729,1136
Run 33,1074131461,B,15,Cluster_000156_?,6753,1192
Run 33,1074131324,A,18,Cluster_000001,6756,764
Run 33,1074131331,O,20,Cluster_000001,6761,853
Run 33,1074131331,P,16,Cluster_000296_?,6762,1202
Run 33,1074131362,P,18,Cluster_000001,6764,700
Run 33,1074129574,G,10,Cluster_000001,6780,680
Run 33,1074129567,E,10,Cluster_000001,6782,753
Run 33,1074129444,B,19,Cluster_000001,6797,794
Run 33,1074129444,H,19,Cluster_000001,6798,793
Run 33,1074129512,H,16,Cluster_000001,6804,769
Run 33,1074131454,K,23,Cluster_000026,6816,506
Run 33,1074131454,M,9,Cluster_000340,6817,761
Run 33,1074131423,B,23,Cluster_000005,6822,750
Run 33,1074131423,I,17,Cluster_000361,6826,696
Run 33,1074131157,H,19,Cluster_000001,6836,796
Run 33,1074131171,O,19,Cluster_000001,6837,732
Run 33,1074128270,P,18,Cluster_000001,6841,711
Run 33,1074130914,C,9,Cluster_000245,6843,245
Run 33,1074130952,G,18,Cluster_000001,6851,772
Run 33,1074130983,I,15,Cluster_000001,6853,757
Run 34,1074132802,I,24,Cluster_000034,6859,475
Run 34,1074132826,L,7,Cluster_000028,6864,530
Run 34,1074132840,O,20,Cluster_000028,6868,159
Run 34,1074132840,O,23,Cluster_000001,6869,787
Run 34,1074132864,M,16,Cluster_000005,6871,373
Run 34,1074128096,B,23,Cluster_000001,6878,999
Run 34,1074128096,M,18,Cluster_000010,6880,875
Run 34,1074131492,I,19,Cluster_000001,6892,749
Run 34,1074131522,H,2,Cluster_000037,6903,404
Run 34,1074131546,G,8,Cluster_000091,6904,1056
Run 34,1074131553,P,3,Cluster_000001,6908,949
Run 34,1074131102,B,2,Cluster_000007,6913,107
Run 34,1074131126,J,15,Cluster_000027,6919,278
Run 34,1074129635,L,14,Cluster_000321,6927,945
Run 34,1074130488,M,2,Cluster_000001,6928,765
Run 34,1074130433,O,22,Cluster_000100,6940,90
Run 34,1074128188,I,18,Cluster_000001,6949,997
Run 34,1074128171,E,15,Cluster_000001,6954,776
Run 34,1074128171,P,15,Cluster_000001,6956,791
Run 34,1074131270,M,3,Cluster_000229,6958,1084
Run 34,1074128225,F,24,Cluster_000001,6960,829
Run 34,1074130396,D,15,Cluster_000046,6994,596
Run 34,1074130365,O,20,Cluster_000294,6997,203
Run 34,1074130310,P,5,Cluster_000010,7011,879
Run 34,1074129673,K,19,Cluster_000074,7023,822
Run 34,1074129673,L,20,Cluster_000044,7024,4
Run 34,1074129390,K,17,Cluster_000001,7036,777
Run 34,1074129802,B,18,Cluster_000033,7049,260
Run 35,1074129734,P,1,Cluster_000001,7063,779
Run 35,1074130549,E,14,Cluster_000089,7067,414
Run 35,1074131041,I,8,Cluster_000001,7075,742
Run 35,1074131027,E,6,Cluster_000276,7077,92
Run 35,1074131072,B,10,Cluster_000057_!,7085,1130
Run 35,1074131072,C,17,Cluster_000016,7086,865
Run 35,1074128072,P,22,Cluster_000001,7103,782
Run 35,1063166238,P,9,Cluster_000048,7113,594
Run 35,1074132932,B,10,Cluster_000075,7130,808
Run 35,1074132949,J,3,Cluster_000007,7138,523
Run 35,1074132970,P,14,Cluster_000001,7150,786
Run 35,1063166122,J,14,Cluster_000027,7160,242
Run 35,1063166092,L,4,Cluster_000005,7166,826
Run 35,1074126603,C,1,Cluster_000005,7183,784
Run 35,1074126603,E,3,Cluster_000005,7184,302
Run 35,1074126634,I,22,Cluster_000001,7189,674
Run 35,1074126665,J,3,Cluster_000001,7196,768
Run 35,1074126672,H,19,Cluster_000334,7200,574
Run 35,1074126498,G,2,Cluster_000001,7201,863
Run 35,1074126504,O,10,Cluster_000001,7207,774
Run 35,1074126559,F,9,Cluster_000099,7218,843
Run 35,1074126351,A,14,Nein,7223,1125
Run 35,1074126368,C,10,Cluster_000146,7226,1034
Run 35,1074126368,M,4,Cluster_000137,7228,965
Run 35,1074126702,D,20,Cluster_000001,7230,781
Run 35,1074126719,E,4,Cluster_000041,7236,695
Run 35,1074126719,J,5,Cluster_000001,7238,773
Run 35,1074126757,A,9,Cluster_000005,7250,321
Run 35,1074126788,F,17,Cluster_000013,7256,911
Run 35,1074138910,B,2,Cluster_000007,7262,21
Run 35,1074138934,L,23,Cluster_000005,7265,225
Run 35,1074138958,J,3,Cluster_000001,7266,725
Run 35,1073858611,E,20,Cluster_000056,7275,612
Run 35,1073858611,G,13,Cluster_000006,7276,356
Run 35,1073858628,I,4,Cluster_000042_?,7279,1214
Run 35,1073858413,N,13,Cluster_000080,7281,328
Run 36a,1073859038,E,1,Cluster_000001,7290,759
Run 36a,1073858994,J,23,Cluster_000042_?,7299,1216
Run 36a,1073858963,H,22,Cluster_000041,7316,730
Run 36a,1073858727,P,3,Cluster_000001,7321,734
Run 36a,1073858710,N,14,Cluster_000019,7331,516
Run 36a,1073858666,C,23,Cluster_000001,7347,766
Run 36a,1073858666,E,23,Cluster_000001,7348,756
Run 36a,1073858673,F,1,Cluster_000086_?,7354,1209
Run 36a,1073858673,L,17,Cluster_000037,7358,382
Run 36a,1073854613,L,21,Cluster_000001,7362,998
Run 36a,1073858567,K,22,Cluster_000001,7386,978
Run 36a,1073858574,N,13,Cluster_000042_?,7390,1211
Run 36a,1073859120,B,3,Cluster_000079,7400,856
Run 36a,1074126399,B,18,Cluster_000050,7415,562
Run 36a,1074126399,P,7,Cluster_000001,7420,835
Run 36a,1074126184,L,10,Cluster_000005,7423,343
Run 36a,1074126412,O,19,Cluster_000006,7434,56
Run 36a,1074126436,C,17,Cluster_000001,7438,713
Run 36a,1074126436,J,20,Cluster_000001,7440,778
Run 36a,1074126443,H,4,Cluster_000001,7449,770
Run 36a,1074126443,O,17,Cluster_000006,7451,510
Run 36b,1074126061,D,21,Cluster_000001,7467,698
Run 36b,1074126061,J,5,Cluster_000001,7469,692
Run 36b,1074126061,P,17,Cluster_000001,7471,1007
Run 36b,1074126023,A,19,Cluster_000010,7481,906
Run 36b,1073858758,I,7,Cluster_000091,7500,568
Run 36b,1073859359,O,17,Cluster_000005,7524,785
Run 36b,1074126481,F,7,Cluster_000080,7533,327
Run 37,1074126221,M,24,Cluster_000005,7542,350
Run 37,1074126245,H,10,Cluster_000001,7547,763
Run 37,1074126245,P,3,Cluster_000130_!,7548,1176
Run 37,1074126269,N,1,Cluster_000006,7555,524
Run 37,1074126283,H,14,Cluster_000156_?,7557,1193
Run 37,1074126283,P,7,Cluster_000001,7558,996
Run 37,1074126085,G,3,Cluster_000005,7562,324
Run 37,1074126115,M,3,Cluster_000064,7568,762
Run 37,1074126160,P,24,Cluster_000042_?,7574,1213
Run 37,1073854644,G,23,Cluster_000020,7586,932
Run 37,1073854651,A,2,Cluster_000133,7592,789
Run 37,1073854668,N,17,Cluster_000010,7597,905
Run 37,1073854675,E,4,Cluster_000001,7598,820
Run 37,1073854675,J,3,Cluster_000125,7601,963
Run 37,1074126566,H,10,Cluster_000001,7603,690
Run 37,1074126566,K,14,Cluster_000001,7604,731
Run 37,1074126580,H,3,Cluster_000348,7608,618
Run 37,1074126900,H,21,Cluster_000001,7610,733
Run 37,1074125989,H,4,Cluster_000076_!,7637,1132
Run 37,1074125989,L,7,Cluster_000001,7638,886
Run 37,1073858512,H,23,Cluster_000075,7645,809
Run 37,1073858550,N,10,Cluster_000117,7650,858
Run 37,1073854835,D,14,Cluster_000155,7666,938
Run 37,1073855252,E,7,Cluster_000001,7688,950
Run 37,1073858871,J,15,Cluster_000297,7716,253
Run 37,1073858864,M,23,Cluster_000034,7723,477
Run 37,1073858437,C,10,Cluster_000170,7728,693
Run 37,1073858482,K,9,Cluster_000342,7738,800
Run 37,1073854767,P,6,Cluster_000041,7750,748
Run 37,1073854903,L,23,Cluster_000004,7754,746
Run 37,1073854903,M,15,Cluster_000033,7756,227
Run 37,1073854774,G,14,Cluster_000154,7766,972
Run 37,1073855351,P,23,Cluster_000001,7775,745
Run 37,1073855344,K,2,Cluster_000041,7778,751
Run 37,1073855344,K,9,Cluster_000034,7779,476
Run 37,1074138422,A,16,Cluster_000015,7789,603
Run 37,1074138415,I,8,Cluster_000213,7795,422
Run 37,1074138446,M,13,Cluster_000007,7802,20
Run 37,1074138453,J,15,Cluster_000048,7807,595
Run 38,1074138491,D,4,Cluster_000047,7819,430
Run 38,1074138514,B,8,Cluster_000116_!,7826,1197
Run 38,1074138545,K,18,Cluster_000004,7832,723
Run 38,1074138552,B,24,Cluster_000040,7834,234
Run 38,1074138552,G,22,Cluster_000002,7835,295
Run 38,1074139214,M,15,Cluster_000005,7842,790
Run 38,1074139214,O,8,Cluster_000160,7843,501
Run 38,1074139252,J,13,Cluster_000002,7850,358
Run 38,1074139344,J,5,Cluster_000019,7854,553
Run 38,1074139344,M,9,Cluster_000005,7855,371
Run 38,1074139368,C,1,Cluster_000041,7860,667
Run 38,1063166436,B,2,Cluster_000005,7875,259
Run 38,1063166467,G,3,Cluster_000140,7880,542
Run 38,1063166467,J,13,Cluster_000002,7881,262
Run 38,1074140203,L,16,Cluster_000015,7894,286
Run 38,1074140227,L,8,Cluster_000002,7896,297
Run 38,1074140258,A,20,Cluster_000027,7904,243
Run 38,1074140272,J,14,Cluster_000002,7908,362
Run 38,1074138392,G,9,Cluster_000167,7910,2
Run 38,1074138408,I,22,Cluster_000002,7913,291
Run 38,1074138620,F,20,Cluster_000048,7914,609
Run 38,1074138620,J,6,Cluster_000007,7915,17
Run 38,1074138620,L,13,Cluster_000004,7916,738
Run 38,1074138620,M,13,Cluster_000013,7917,878
Run 38,1074138644,B,5,Cluster_000040,7918,210
Run 38,1074138644,F,2,Cluster_000002,7919,273
Run 38,1074138637,B,8,Cluster_000002,7920,345
Run 38,1074138637,G,9,Cluster_000072,7921,368
Run 38,1074138682,E,21,Cluster_000004,7928,735
Run 38,1074138682,J,7,Cluster_000027,7929,235
Run 38,1074138682,M,4,Cluster_000048,7930,582
Run 38,1074139146,F,8,Cluster_000280,7942,953
Run 38,1074139160,M,6,Cluster_000002,7946,279
Run 38,1074139177,L,18,Cluster_000090,7949,96
Run 38,1074138712,A,18,Cluster_000027,7952,658
Run 38,1074139290,E,24,Cluster_000101,7955,330
Run 38,1074139313,J,6,Cluster_000002,7967,261
Run 38,1074139313,O,18,Cluster_000002,7968,465
Run 38,1074139313,P,15,Cluster_000002,7970,252
Run 38,1074138811,B,23,Cluster_000002,7972,432
Run 38,1074138811,E,24,Cluster_000007,7973,990
Run 38,1074138811,I,1,Cluster_000002,7976,309
Run 38,1074138811,P,20,Cluster_000004,7977,724
Run 38,1074138828,D,15,Cluster_000005,7979,314
Run 38,1074138842,I,14,Cluster_000007,7984,22
Run 38,1074138835,E,9,Cluster_000160,7987,502
Run 38,1074138835,K,9,Cluster_000002,7990,348
Run 38,1074138835,O,15,Cluster_000002,7991,271
Run 38,1074139054,D,19,Cluster_000107,8016,558
Run 38,1074139054,H,19,Cluster_000053,8017,513
Run 38,1074139054,I,24,Cluster_000004,8018,716
Run 38,1074139061,I,21,Cluster_000002,8020,248
Run 39a,1074139382,H,17,Cluster_000013,8023,913
Run 39a,1074139276,B,4,Cluster_000004,8024,729
Run 39a,1074139283,K,1,Cluster_000025,8031,52
Run 39a,1074138590,J,17,Cluster_000025,8033,111
Run 39a,1074138590,N,23,Cluster_000015,8034,141
Run 39a,1074138613,C,19,Cluster_000004,8036,715
Run 39a,1074138613,H,10,Ok1,8037,23
Run 39a,1074138613,K,6,Cluster_000004,8039,707
Run 39a,1074139566,F,19,Cluster_000004,8049,718
Run 39a,1074139900,H,5,Cluster_000047,8057,668
Run 39a,1074139900,L,22,Cluster_000002,8061,813
Run 39a,1074139917,M,17,Cluster_000002,8070,357
Run 39a,1074139931,D,7,Cluster_000004,8074,726
Run 39a,1074139948,G,22,Cluster_000053,8079,512
Run 39a,1074139962,L,5,Cluster_000002,8085,287
Run 39a,1074139979,H,14,Cluster_000048,8086,617
Run 39a,1074138750,I,7,Cluster_000002,8102,265
Run 39a,1074138774,F,24,Cluster_000002,8105,344
Run 39a,1074138781,K,4,Cluster_000002,8109,280
Run 39a,1074138798,D,3,Cluster_000236,8111,226
Run 39a,1074138798,L,9,Cluster_000015,8112,264
Run 39a,1074139085,A,1,Cluster_000002,8117,372
Run 39a,1074139085,C,18,Cluster_000107,8119,557
Run 39a,1074139085,G,6,Cluster_000025,8121,97
Run 46,1073843303,A,4,Cluster_000069,8137,508
Run 46,1073843303,I,4,Cluster_000084,8139,982
Run 46,1073843310,E,13,Cluster_000043_!,8142,1169
Run 46,1073843327,C,23,Cluster_000009,8145,91
Run 46,1073843327,F,20,Cluster_000215,8146,171
Run 46,1073843334,G,6,Cluster_000019,8150,520
Run 46,1073843334,M,10,Cluster_000014,8156,549
Run 46,1073842948,C,18,Cluster_000032_!,8161,1150
Run 46,1073842948,I,10,Cluster_000009,8165,59
Run 46,1073842979,E,21,Cluster_000384,8168,183
Run 46,1073842979,K,2,Cluster_000030,8171,223
Run 46,1073842962,L,4,Cluster_000032_!,8178,1149
Run 46,1073842986,C,16,Cluster_000054,8182,133
Run 46,1073842986,O,4,Cluster_000003,8185,35
Run 46,1073842993,P,14,Cluster_000007,8191,509
Run 46,1073843013,C,10,Cluster_000002,8199,669
Run 46,1073843013,F,1,Cluster_000007,8200,526
Run 46,1073843013,I,21,Cluster_000040,8202,453
Run 46,1073843013,K,9,Cluster_000054,8203,71
Run 46,1073843013,L,13,Cluster_000015,8204,306
Run 46,1073843037,D,9,Cluster_000016,8207,250
Run 46,1073843037,I,15,Cluster_000330,8211,339
Run 46,1073843020,L,14,Cluster_000329_!,8217,1205
Run 46,1073845253,J,24,Cluster_000069,8219,507
Run 46,1073845260,P,9,Cluster_000014,8234,834
Run 46,1073845277,D,4,Cluster_000003,8235,113
Run 46,1073845277,G,8,Cluster_000009,8236,10
Run 46,1073845284,C,20,Cluster_000006,8240,95
Run 46,1073845284,C,22,Cluster_000102,8241,82
Run 46,1073845284,I,18,Cluster_000003,8243,72
Run 46,1073845284,K,18,Cluster_000009,8246,153
Run 46,1073845291,C,10,Cluster_000328,8251,644
Run 46,1073845307,I,18,Nein2,8261,1126
Run 46,1073845307,I,19,Cluster_000359,8262,619
Run 46,1073850677,P,18,Cluster_000003,8266,103
Run 46,1073850387,O,16,Cluster_000007,8273,514
Run 46,1073851148,G,6,Cluster_000037,8293,381
Run 46,1073851131,M,21,Cluster_000370,8302,115
Run 46,1073851100,N,10,Cluster_000043_!,8306,1170
Run 46,1073851117,G,10,Cluster_000038,8308,7
Run 46,1073851117,L,9,Cluster_000032_!,8311,1153
Run 46,1073851117,N,16,Cluster_000002,8312,683
Run 46,1073851087,J,24,Cluster_000006,8315,33
Run 46,1073851070,C,24,Cluster_000031,8319,58
Run 46,1073851070,M,5,Cluster_000015,8323,315
Run 46,1073851063,N,3,Cluster_000003,8328,46
Run 46,1073851056,C,20,Cluster_000004,8330,719
Run 46,1073842641,H,19,Cluster_000017,8342,410
Run 46,1073842665,E,9,Cluster_000110,8344,105
Run 46,1073842665,E,17,Cluster_000068,8345,118
Run 46,1073842658,G,5,Cluster_000017,8346,406
Run 46,1073842658,G,13,Cluster_000002,8347,255
Run 46,1073842658,O,3,Cluster_000046,8350,600
Run 46,1073842689,M,9,Cluster_000006,8351,32
Run 46,1073842672,K,24,Cluster_000006,8355,15
Run 46,1073842702,K,18,Cluster_000174,8367,471
Run 46,1073843259,M,16,Cluster_000019,8379,550
Run 46,1073843105,F,8,Cluster_000003,8381,146
Run 46,1073843112,A,14,Cluster_000310,8385,274
Run 46,1073843112,E,22,Cluster_000009,8386,88
Run 46,1073843112,G,14,Cluster_000003,8388,138
Run 46,1073843112,L,14,Cluster_000235,8392,256
Run 46,1073843129,B,23,Cluster_000028,8396,158
Run 46,1073843129,F,23,Cluster_000009,8397,34
Run 46,1073843129,K,6,Cluster_000003,8401,25
Run 46,1073843150,I,20,Cluster_000006,8405,31
Run 46,1073843150,O,7,Cluster_000052,8406,182
Run 46,1073843143,N,14,Cluster_000003,8411,14
Run 46,1073843167,B,18,Cluster_000003,8412,124
Run 46,1073843174,H,21,Cluster_000051,8413,186
Run 46,1073843211,L,22,Cluster_000141,8434,623
Run 46,1073843235,H,10,Cluster_000003,8439,65
Run 46,1073844959,L,19,Cluster_000349,8453,1083
Run 46,1073844966,B,16,Cluster_000028,8454,160
Run 46,1073844980,L,8,Cluster_000014,8471,219
Run 46,1073845000,C,18,Cluster_000014,8477,544
Run 46,1073850424,H,15,Cluster_000001,8484,689
Run 46,1073842528,K,8,Cluster_000070,8492,1072
Run 46,1073842535,P,13,Cluster_000234,8498,166
Run 46,1073851247,G,22,Cluster_000036_!,8505,1160
Run 46,1073851230,I,22,Cluster_000033,8510,217
Run 46,1073851230,L,22,Cluster_000046,8512,597
Run 46,1073851209,C,21,Ok1,8514,99
Run 46,1073851186,H,3,Cluster_000022,8522,179
Run 46,1073851186,I,16,Cluster_000016,8524,254
Run 46,1073851179,L,10,Cluster_000004,8530,709
Run 46,1073851162,A,24,Cluster_000068,8532,134
Run 46,1073851162,J,1,Cluster_000006,8537,28
Run 46,1073844744,H,16,Cluster_000005,8540,304
Run 46,1073844744,J,22,Cluster_000216,8541,525
Run 46,1073851155,A,13,Cluster_000003,8544,74
Run 46,1073844775,M,1,Cluster_000031,8553,9
Run 46,1073844775,N,17,Cluster_000324,8554,704
Run 46,1073844782,B,23,Cluster_000373,8556,927
Run 46,1073844782,L,23,Cluster_000052,8559,189
Run 46,1073844805,H,2,Cluster_000003,8566,128
Run 46,1073843068,I,22,Cluster_000333,8583,173
Run 46,1073843082,A,20,Cluster_000002,8592,292
Run 46,1073843082,I,18,Cluster_000014,8593,547
Run 46,1073843082,N,8,Cluster_000009,8595,30
Run 46,1073850714,N,7,Cluster_000250,8600,209
Run 46,1073850707,K,15,Cluster_000004,8606,710
Run 46,1073850691,J,17,Cluster_000168,8614,48
Run 46,1073850684,C,20,Cluster_000088,8620,640
Run 46,1073850684,F,24,Cluster_000016,8623,670
Run 47,1073850738,C,4,Cluster_000002,8634,303
Run 47,1073850745,M,17,Cluster_000019,8652,552
Run 47,1073845215,E,18,Cluster_000003,8658,116
Run 47,1073845215,G,6,Cluster_000237,8659,165
Run 47,1073845215,P,23,Cluster_000110,8664,336
Run 47,1073845222,F,17,Cluster_000013,8669,910
Run 47,1073845222,G,18,Cluster_000003,8670,66
Run 47,1073845222,I,15,Cluster_000027,8672,660
Run 47,1073845222,I,20,Cluster_000111,8673,83
Run 47,1073845222,K,16,Cluster_000006,8676,94
Run 47,1073845239,H,24,Cluster_000022,8686,181
Run 47,1073845239,O,20,Cluster_000003,8687,61
Run 47,1073842818,C,7,Cluster_000014,8688,546
Run 47,1073842825,G,8,Cluster_000325,8699,519
Run 47,1073842825,K,16,Cluster_000002,8702,353
Run 47,1073842825,M,1,Cluster_000051,8703,188
Run 47,1073842825,P,23,Cluster_000046,8704,598
Run 47,1074142481,D,2,Cluster_000044,8707,69
Run 47,1074142481,G,16,Cluster_000003,8709,16
Run 47,1074142481,P,10,Cluster_000102,8713,26
Run 47,1073842450,P,20,Cluster_000293,8724,87
Run 47,1073842474,K,15,Cluster_000027,8741,244
Run 47,1073842498,G,21,Cluster_000068,8752,109
Run 47,1073842498,M,1,Cluster_000139,8753,462
Run 47,1073842498,P,16,Cluster_000159,8755,172
Run 47,1073842511,H,24,Cluster_000003,8759,63
Run 47,1073842511,P,6,Cluster_000104,8764,142
Run 47,1073850523,B,9,Cluster_000002,8765,326
Run 47,1073850523,C,13,Cluster_000002,8766,360
Run 47,1073850516,I,24,Cluster_000059,8779,257
Run 47,1073850509,L,3,Cluster_000051,8793,187
Run 47,1073850509,L,14,Cluster_000046,8794,570
Run 47,1073850486,L,9,Cluster_000140,8802,601
Run 47,1073850486,P,22,Cluster_000052,8803,191
Run 47,1073850493,A,14,Cluster_000006,8804,98
Run 47,1073850493,B,1,Cluster_000220,8805,535
Run 47,1073850493,K,16,Cluster_000203,8811,675
Run 47,1073850479,I,5,Cluster_000029,8816,1091
Run 47,1073850462,K,10,Cluster_000019,8824,548
Run 47,1073845116,C,14,Cluster_000004,8827,937
Run 47,1073845116,J,22,Cluster_000025,8833,41
Run 47,1073850455,E,7,Cluster_000003,8836,6
Run 47,1073850455,N,8,Cluster_000092,8841,922
Run 47,1073845123,B,5,Cluster_000090,8843,42
Run 47,1073845123,G,6,Cluster_000047,8844,299
Run 47,1073845123,M,21,Cluster_000002,8846,268
Run 47,1073845130,I,2,Cluster_000002,8852,232
Run 47,1073844829,O,17,Cluster_000022,8860,246
Run 47,1073844812,B,21,Cluster_000002,8863,293
Run 47,1073844812,F,24,Cluster_000056,8866,655
Run 47,1073844812,G,21,Cluster_000109,8867,817
Run 47,1073844836,P,18,Cluster_000013,8875,1082
Run 47,1073842832,I,1,Cluster_000059,8883,341
Run 47,1073842832,N,8,Cluster_000006,8887,114
Run 47,1073850837,G,1,Cluster_000019,8891,533
Run 47,1073850837,J,2,Cluster_000004,8893,722
Run 47,1073850851,E,24,Cluster_000054,8897,93
Run 47,1073850851,O,23,Cluster_000047,8899,434
Run 47,1073850820,C,20,Cluster_000003,8902,60
Run 47,1073850790,J,18,Cluster_000014,8922,334
Run 47,1073850783,D,17,Cluster_000010,8932,904
Run 47,1073850783,G,10,Cluster_000144_!,8934,1161
Run 47,1073850769,J,20,Cluster_000174,8951,472
Run 47,1073850769,L,2,Cluster_000102,8952,81
Run 47,1073850752,C,17,Cluster_000391,8954,914
Run 47,1073842610,F,2,Cluster_000104,8997,149
Run 47,1073842610,H,8,Cluster_000009,8999,100
Run 47,1074142382,C,22,Cluster_000002,9009,364
Run 47,1073842634,F,1,Cluster_000030,9015,222
Run 47,1073842634,G,10,Cluster_000002,9017,277
Run 47,1074142399,A,17,Cluster_000015,9021,283
Run 47,1074142399,G,20,Cluster_000086_?,9026,1210
Run 47,1074142399,P,16,Cluster_000383,9032,392
Run 47,1074142405,J,1,Cluster_000387,9036,167
Run 47,1074142405,J,9,Cluster_000044,9037,862
Run 47,1074142429,H,6,Cluster_000192,9040,207
Run 47,1074142429,I,14,Cluster_000002,9041,347
Run 47,1074142429,I,24,Cluster_000032_!,9042,1147
Run 47,1074142429,K,19,Cluster_000002,9044,351
Run 47,1074142412,O,16,Cluster_000100,9051,84
Run 47,1074142436,A,2,Cluster_000002,9052,365
Run 47,1074142436,J,21,Cluster_000054,9058,143
Run 47,1074142436,P,1,Cluster_000092,9061,925
Run 47,1073850899,K,18,Cluster_000004,9067,727
Run 47,1073850905,F,9,Cluster_000022,9072,228
Run 47,1073850905,N,22,Cluster_000029,9074,1087
Run 47,1073850882,A,24,Cluster_000077,9078,621
Run 47,1073850882,B,15,Cluster_000381,9079,333
Run 47,1073850882,K,14,Cluster_000007,9090,54
Run 47,1073850882,K,18,Ok1,9091,177
Run 47,1073850882,M,14,Cluster_000038,9092,8
Run 47,1073850875,G,6,Cluster_000013,9099,898
Run 47,1073850875,H,4,Cluster_000151,9100,147
Run 47,1073850844,M,24,Cluster_000101,9113,741
Run 47,1073850844,O,15,Cluster_000064,9115,455
Run 47,1073850844,P,19,Cluster_000292,9116,1186
Run 47,1073850844,P,23,Cluster_000051,9117,192
Run 47,1073850868,C,13,Cluster_000038,9121,39
Run 47,1073850868,P,8,Cluster_000142,9129,629
Run 47,1073845048,E,10,Cluster_000017,9132,428
Run 47,1073845048,F,4,Cluster_000159,9133,170
Run 47,1073845055,D,14,Cluster_000002,9141,307
Run 47,1073845055,L,17,Cluster_000157,9146,1018
Run 47,1073845079,B,17,Cluster_000101,9150,747
Run 47,1073845079,G,22,Cluster_000017,9155,405
Run 47,1073845079,I,14,Cluster_000395_!,9156,1146
Run 47,1073845079,L,1,Cluster_000148,9159,218
Run 47,1073845062,A,9,Cluster_000092,9164,926
Run 47,1073845062,I,10,Cluster_000158_?,9170,1218
Run 47,1073845062,K,24,Cluster_000093,9172,987
Run 47,1073845086,E,17,Ok1,9178,70
Run 47,1073845086,J,14,Cluster_000144_!,9181,1162
Run 47,1073845093,E,7,Cluster_000009,9186,139
Run 47,1073845093,J,1,Cluster_000061,9190,431
Run 47,1073845093,P,10,Cluster_000238,9195,602
Run 47,1073851346,B,1,Cluster_000016,9197,239
Run 47,1073851346,G,8,Cluster_000022,9199,180
Run 47,1073851346,J,5,Cluster_000009,9200,27
Run 47,1073845109,C,18,Cluster_000035,9201,1022
Run 47,1073845109,F,3,Cluster_000285,9202,337
Run 47,1073845109,H,24,Cluster_000150,9205,1055
Run 47,1073851308,C,10,Cluster_000398,9224,195
Run 47,1073851308,K,7,Cluster_000254,9232,902
Run 47,1073851308,M,19,Cluster_000017,9234,396
Run 47,1073851315,K,7,Cluster_000021,9241,587
Run 47,1073851292,E,3,Cluster_000066,9244,870
Run 47,1073851292,P,3,Cluster_000097,9247,150
Run 47,1073851285,F,17,Cluster_000002,9250,361
Run 47,1073851285,I,15,Cluster_000030,9251,135
Run 47,1073851285,J,6,Cluster_000072,9252,847
Run 47,1073851278,A,13,Cluster_000015,9258,294
Run 47,1073851278,E,23,Cluster_000291,9261,555
Run 47,1073851278,J,13,Cluster_000019,9266,331
Run 47,1073851261,G,23,Cluster_000209,9274,814
Run 47,1073851261,H,19,Cluster_000002,9275,289
Run 47,1073851261,N,13,Cluster_000002,9278,367
Run 47,1073851261,P,23,Cluster_000143,9281,204
Run 47,1073850554,A,4,Cluster_000052,9288,185
Run 47,1073850554,A,8,Cluster_000005,9289,310
Run 47,1073850554,B,5,Cluster_000002,9291,316
Run 47,1073850554,K,13,Cluster_000069,9296,332
Run 47,1073850530,B,5,Cluster_000242,9301,1052
Run 47,1073850530,B,7,Cluster_000009,9302,86
Run 47,1073850530,C,3,Cluster_000148,9303,216
Run 47,1073850530,N,17,Cluster_000168,9309,45
Run 47,1074142443,B,15,Cluster_000015,9310,312
Run 47,1074142443,E,6,Cluster_000135,9313,1048
Run 47,1074142443,H,9,Cluster_000093,9315,1008
Run 47,1074142443,I,8,Cluster_000003,9316,101
Run 47,1074142443,J,5,Cluster_000096,9317,866
Run 47,1074142443,J,16,Cluster_000004,9319,744
Run 47,1074142443,K,18,Cluster_000002,9320,313
Run 47,1074142443,K,22,Cluster_000064,9321,456
Run 47,1074142443,M,6,Cluster_000119,9322,1053
Run 47,1074142467,C,7,Cluster_000379_!,9324,1184
Run 47,1074142467,M,18,Cluster_000056,9328,573
Run 47,1074142450,C,7,Cluster_000002,9333,346
Run 47,1074142450,H,15,Cluster_000017,9337,397
Run 47,1074142474,G,5,Cluster_000015,9343,269
Run 47,1073845147,C,8,Cluster_000030,9346,224
Run 47,1073845147,G,24,Cluster_000109,9349,818
Run 47,1073845161,N,1,Cluster_000018,9357,1019
Run 47,1073845154,I,23,Cluster_000069,9362,335
Run 47,1073845154,J,19,Cluster_000022,9363,175
Run 47,1073845178,G,16,Cluster_000002,9372,393
Run 47,1073845178,K,8,Cluster_000002,9376,370
Run 47,1073845178,O,16,Cluster_000022,9379,178
Run 47,1073845178,P,10,Cluster_000006,9380,75
Run 47,1073845185,P,6,Cluster_000105,9385,992
Run 47,1073845185,P,21,Cluster_000093,9386,994
Run 47,1073845208,E,17,Cluster_000207,9392,946
Run 47,1073845208,L,5,Cluster_000003,9394,64
Run 47,1073845192,O,5,Cluster_000002,9404,305
Run 47,1073851049,G,13,Cluster_000001,9411,685
Run 47,1073851032,D,24,Cluster_000002,9414,285
Run 47,1073851018,L,17,Cluster_000087,9420,580
Run 47,1073851018,L,18,Cluster_000005,9421,298
Run 47,1073851025,C,16,Cluster_000003,9424,131
Run 47,1073851001,D,14,Cluster_000127,9427,841
Run 47,1073850998,B,14,Cluster_000022,9433,176
Run 47,1073850998,B,24,Cluster_000151,9434,325
Run 47,1073850998,G,3,Cluster_000052,9437,193
Run 47,1073850998,G,7,Cluster_000286,9438,657
Run 47,1073850998,K,13,Cluster_000002,9440,688
Run 47,1073850998,M,18,Cluster_000002,9443,272
Run 47,1073850998,N,18,Cluster_000072,9444,211
Run 47,1073850998,O,9,Cluster_000336_!,9446,1144
Run 47,1073850998,O,15,Cluster_000013,9447,909
Run 47,1073850974,C,24,Cluster_000017,9450,418
Run 47,1073850974,D,4,Cluster_000079,9451,842
Run 47,1073850974,M,18,Cluster_000015,9456,290
Run 47,1073850981,D,7,Cluster_000003,9461,67
Run 47,1073850981,E,17,Cluster_000003,9462,68
Run 47,1073850981,O,19,Cluster_000014,9468,831
Run 47,1073850967,H,5,Cluster_000009,9475,89
Run 47,1073850967,J,20,Cluster_000037,9480,388
Run 47,1073850967,J,24,Cluster_000002,9481,363
Run 47,1073850967,N,24,Cluster_000232,9487,592
Run 47,1073850950,M,8,Cluster_000327,9497,633
Run 47,1073850950,M,18,Cluster_000233,9499,464
Run 47,1073850943,F,24,Cluster_000170,9506,403
Run 47,1073850936,J,1,Cluster_000337,9519,174
Run 47,1073850936,P,6,Cluster_000006,9521,51
Run 47,1073850912,O,6,Cluster_000002,9530,263
Run 47,1073850929,N,4,Cluster_000133,9535,783
Run 47,1073850929,O,20,Cluster_000104,9537,3
Run 48,1074141033,F,8,Cluster_000016,9545,671
Run 48,1074141033,O,5,Cluster_000037,9550,390
Run 48,1074141057,J,2,Cluster_000016,9558,241
Run 48,1074141071,D,17,Cluster_000002,9563,275
Run 48,1074141071,G,4,Cluster_000004,9564,728
Run 48,1074141071,K,22,Cluster_000002,9569,355
Run 48,1074141071,L,13,Cluster_000035,9571,1025
Run 48,1074141194,G,19,Cluster_000035,9578,1010
Run 48,1074141194,J,9,Cluster_000136,9580,1041
Run 48,1074141088,B,15,Cluster_000004,9587,717
Run 48,1074141088,C,13,Cluster_000100,9588,517
Run 48,1074141200,J,13,Cluster_000135,9607,1064
Run 48,1074141200,N,1,Cluster_000002,9609,282
Run 48,1074141224,B,19,Cluster_000035,9614,1023
Run 48,1074141224,D,17,Cluster_000014,9617,521
Run 48,1074141224,D,21,Cluster_000002,9618,378
Run 48,1074141224,H,16,Cluster_000076_!,9625,1134
Run 48,1074141224,N,15,Cluster_000298,9636,682
Run 48,1074141224,O,4,Cluster_000388,9637,815
Run 48,1074141224,P,3,Cluster_000070,9638,1067
Run 48,1074141224,P,10,Cluster_000035,9639,1024
Run 48,1074141217,L,6,Cluster_000087,9645,565
Run 48,1074141231,F,5,Cluster_000002,9654,317
Run 48,1074141248,C,8,Cluster_000002,9671,379
Run 48,1074141248,D,4,Cluster_000017,9672,666
Run 48,1074141248,G,14,Cluster_000154,9680,964
Run 48,1074141248,J,22,Cluster_000084,9681,973
Run 48,1074141248,L,5,Cluster_000004,9682,708
Run 48,1074141248,N,19,Cluster_000070,9683,1066
Run 48,1074141255,D,3,Cluster_000087,9687,564
Run 48,1074141255,D,20,Cluster_000062,9688,583
Run 48,1074141255,J,21,Cluster_000035,9695,1065
Run 48,1074141255,P,13,Cluster_000004,9698,736
Run 48,1074141262,F,3,Cluster_000016,9700,230
Run 48,1074141262,F,17,Cluster_000037,9702,376
Run 48,1074141262,L,3,Cluster_000106,9711,907
Run 48,1074141262,L,5,Cluster_000005,9712,270
Run 48,1074141262,N,13,Cluster_000070,9715,1073
Run 48,1074141262,N,23,Cluster_000002,9716,389
Run 48,1074141286,F,4,Cluster_000014,9721,532
Run 48,1074141279,B,2,Cluster_000061,9725,359
Run 48,1074141279,F,4,Cluster_000003,9728,117
Run 48,1074141279,H,21,Cluster_000016,9734,240
Run 48,1073843662,E,7,Cluster_000004,9746,721
Run 48,1073843662,G,13,Cluster_000017,9749,681
Run 48,1073843662,L,20,Cluster_000047,9752,300
Run 48,1073843662,N,5,Cluster_000009,9753,24
Run 48,1073843655,A,14,Cluster_000062,9755,575
Run 48,1073843655,C,14,Cluster_000056,9757,576
Run 48,1073843655,G,14,Cluster_000062,9760,584
Run 48,1073843655,K,3,Cluster_000002,9763,401
Run 48,1073843655,N,3,Cluster_000109,9764,319
Run 48,1073843679,F,10,Cluster_000084,9773,954
Run 48,1073843679,K,9,Cluster_000016,9776,231
Run 48,1073843679,K,21,Cluster_000002,9778,354
Run 48,1073843679,N,21,Cluster_000344,9780,620
Run 48,1073843686,A,22,Cluster_000331,9784,626
Run 48,1073843686,M,10,Cluster_000009,9794,140
Run 48,1073843686,O,1,Cluster_000002,9795,323
Run 48,1073843693,A,14,Cluster_000035,9796,1026
Run 48,1073843693,D,4,Cluster_000037,9800,374
Run 48,1073843693,I,4,Cluster_000002,9802,366
Run 48,1073843693,N,4,Cluster_000002,9804,380
Run 48,1073843846,F,10,Cluster_000002,9810,320
Run 48,1073843846,F,13,Cluster_000002,9811,352
Run 48,1073843846,G,1,Cluster_000004,9812,706
Run 48,1073843853,B,1,Cluster_000097,9817,154
Run 48,1073843853,E,8,Cluster_000004,9819,720
Run 48,1073843853,O,15,Cluster_000005,9826,284
Run 48,1074141385,G,2,Cluster_000029,9828,1086
Run 48,1074141095,E,13,Cluster_000038,9830,106
Run 48,1074141125,A,8,Cluster_000003,9835,77
Run 48,1074141125,L,24,Cluster_000054,9837,50
Run 48,1074141125,N,10,Cluster_000025,9838,531
Run 48,1074141125,O,18,Cluster_000114_?,9839,1189
Run 48,1074141118,P,6,Cluster_000183,9842,470
Run 48,1074141149,L,24,Cluster_000018,9847,645
Run 48,1074141163,F,1,Cluster_000066,9853,871
Run 48,1074140739,B,22,Cluster_000029,9869,664
Run 48,1074140999,G,8,Cluster_000055,9881,622
Run 48,1074141019,B,16,Cluster_000045,9886,833
Run 48,1074140609,B,17,Cluster_000077,9897,663
Run 48,1074140630,J,5,Cluster_000374,9902,1092
Run 48,1074140630,J,24,Cluster_000088,9903,638
Run 48,1074141316,I,15,Cluster_000007,9951,40
Run 48,1074140944,F,4,Cluster_000083,9972,267
Run 48,1074140951,L,5,Cluster_000134,9979,661
Run 48,1074140975,K,18,Cluster_000003,9988,18
Run 48,1074140982,B,10,Cluster_000377,10002,1094
Run 48,1074140982,B,23,Cluster_000063,10003,536
Run 48,1074140982,F,2,Cluster_000067,10005,1093
Run 48,1074140777,C,21,Cluster_000053,10008,518
Run 48,1074140876,D,24,Cluster_000031,10022,125
Run 48,1074140494,L,16,Cluster_000202,10029,1089
Run 48,1074140517,H,14,Cluster_000006,10036,199
Run 48,1074140548,A,20,Cluster_000055,10046,608
Run 48,1074140548,A,24,Cluster_000077,10047,637
Run 48,1074140562,E,19,Cluster_000077,10057,556
Run 48,1074140562,I,19,Cluster_000055,10059,635
Run 48,1074140586,M,18,Cluster_000319,10063,419
Run 48,1073857621,O,1,Cluster_000354,10072,1009
Run 48,1073857478,M,9,Cluster_000001,10076,687
Run 48,1073857508,A,21,Cluster_000007,10082,515
Run 48,1073857553,E,10,Cluster_000005,10093,816
Run 48,1073857553,K,21,Cluster_000003,10094,110
Run 49a,1073857560,C,2,Cluster_000086_?,10096,1208
Run 49a,1073857584,M,7,Cluster_000047,10100,672
Run 49a,1073857577,P,14,Cluster_000137,10103,903
Run 49a,1073857591,F,22,Cluster_000075,10104,739
Run 49a,1073857591,I,17,Cluster_000049_?,10105,1219
Run 49a,1073857591,M,6,Cluster_000033,10106,440
Run 49a,1073857744,F,5,Cluster_000076_!,10109,1133
Run 49a,1073857454,D,20,Cluster_000005,10115,322
Run 49a,1073857454,I,20,Cluster_000041,10116,743
Run 49a,1073856341,F,3,Cluster_000061,10141,385
Run 49a,1073856334,P,15,Cluster_000030,10144,221
Run 49a,1073856273,D,14,Cluster_000057_!,10149,1127
Run 49a,1073856280,B,7,Cluster_000010,10153,900
Run 49a,1073856303,C,24,Cluster_000030,10156,208
Run 49a,1073857706,O,23,Cluster_000248,10181,155
Run 49a,1073857652,G,9,Cluster_000027,10188,247
Run 49a,1073857652,J,20,Cluster_000141,10190,861
Run 49a,1073855481,J,13,Cluster_000001,10200,799
Run 49a,1073848155,L,1,Cluster_000095,10211,631
Run 49a,1073848155,L,22,Cluster_000043_!,10213,1167
Run 49a,1073848186,K,1,Cluster_000001,10216,821
Run 49a,1073847646,M,24,Cluster_000355,10237,511
Run 49a,1073848001,E,7,Cluster_000013,10238,918
Run 49a,1073848018,P,7,Cluster_000131,10245,136
Run 49a,1073848032,J,18,Cluster_000040,10258,451
Run 50,1073848278,A,8,Cluster_000138_!,10281,1178
Run 50,1073848308,M,21,Cluster_000074,10290,848
Run 50,1073848292,B,8,Cluster_000050,10291,827
Run 50,1073848315,K,2,Cluster_000012,10296,915
Run 50,1073848339,P,24,Cluster_000221,10305,162
Run 50,1073848353,B,10,Cluster_000318_!,10308,1206
Run 50,1073848193,G,15,Cluster_000323,10315,830
Run 50,1073848230,K,6,Cluster_000095,10329,632
Run 50,1073847868,I,23,Cluster_000025,10347,989
Run 50,1073847851,N,22,Cluster_000001,10354,792
Run 50,1073847905,D,4,Cluster_000375,10368,527
Run 50,1073847943,E,1,Cluster_000078,10371,213
Run 50,1073846229,K,5,Cluster_000065,10422,639
Run 50,1073855757,B,5,Cluster_000191,10453,57
Run 50,1073855696,O,6,Cluster_000274,10474,484
Run 50,1073855702,A,7,Cluster_000042_?,10480,1212
Run 50,1073855856,H,9,Cluster_000001,10496,811
Run 50,1073855863,G,23,Cluster_000039,10504,590
Run 50,1073855764,C,24,Cluster_000119,10519,1069
Run 50,1073855979,K,17,Cluster_000194_?,10540,1203
Run 50,1073855993,M,23,Cluster_000018,10552,168
Run 50,1073856037,F,2,Cluster_000244,10559,850
Run 50,1073855610,G,6,Cluster_000353,10585,463
Run 18,1073332395,N,19,Cluster_000226,10644,684
Run 18,1073332401,G,20,Cluster_000012,10646,956
Run 18,1073332401,N,19,Cluster_000142,10647,630
Run 18,1073333040,E,16,Cluster_000026,10708,1071
Run 18,1073333071,D,7,Cluster_000003,10711,144
Run 19,1073405013,I,13,Cluster_000372,10751,349
Run 19,1073407734,F,7,Cluster_000003,10785,104
Run 19,1073404948,E,13,Cluster_000003,10819,145
Run 19,1073404948,F,18,Cluster_000006,10820,460
Run 19,1073407109,E,20,Cluster_000096,10845,873
Run 19,1073407116,C,15,Cluster_000038,10847,112
Run 20,1073407703,C,18,Cluster_000003,10881,102
Run 20,1074002822,O,24,Cluster_000241,10896,416
Run 20,1074003195,O,23,Cluster_000031,10961,122
Run 20,1074003188,B,10,Cluster_000143,10964,205
Run 39b,1073851711,P,14,Cluster_000118,11137,1106
Run 41,1073851643,E,5,Cluster_000302,11550,1116
Run 41,1073854989,H,9,Cluster_000008,11604,1115
Run 41,1073854750,B,17,Cluster_000008,11612,1103
Run 41,1073854736,F,6,Cluster_000008,11627,1101
Run 41,1073854736,H,6,Cluster_000008,11629,1123
Run 41,1073854729,A,15,Cluster_000008,11630,1111
Run 41,1073854729,K,3,Cluster_000008,11635,1100
Run 41,1073854712,J,8,Cluster_000008,11642,1098
Run 41,1073854712,K,2,Cluster_000008,11643,1117
Run 41,1073854699,A,20,Cluster_000008,11651,1113
Run 41,1073854699,L,20,Cluster_000008,11659,1099
Run 41,1073854620,M,8,Cluster_000008,11667,1118
Run 41,1073854620,P,2,Cluster_000008,11671,1110
Run 41,1073854682,C,21,Cluster_000008,11677,1102
Run 41,1073854682,E,6,Cluster_000008,11678,1109
Run 41,1073854682,G,6,Cluster_000008,11680,1112
Run 41,1073854682,I,6,Cluster_000008,11681,1104
Run 41,1073854682,I,10,Cluster_000008,11683,1107
Run 42,1073843488,O,2,Cluster_000253,11833,1114
Run 43,1074132512,I,1,Cluster_000177,12002,1108
Run 44,1074130853,O,6,Cluster_000115_!,12036,1182
Run 44,1074133991,G,13,Cluster_000363,12103,1122
Run 44,1074129925,C,24,Cluster_000193,12178,1119
Run 44,1074129925,N,13,Cluster_000038,12180,1121
Run 45,1074134417,G,19,Cluster_000063,12285,1105
Run 24B,1063094104,J,2,Cluster_000352_?,12397,1198
Run 24B,1063094135,D,22,Cluster_000246,12404,1120